source,rating,text,subject_tag,ann_1,ann_2,ground_truth,Pred_SWN_Clean,Pred_Bing_Clean,Pred_NB_BoW_Clean,Pred_DT_BoW_Clean,Pred_NB_GloVe_Clean,Pred_DT_GloVe_Clean,Pred_SWN_Lemma,Pred_Bing_Lemma,Pred_NB_BoW_Lemma,Pred_DT_BoW_Lemma,Pred_NB_GloVe_Lemma,Pred_DT_GloVe_Lemma,Pred_SWN_Refined,Pred_Bing_Refined,Pred_NB_BoW_Refined,Pred_DT_BoW_Refined,Pred_NB_GloVe_Refined,Pred_DT_GloVe_Refined
Trustpilot,5,the online reward and review for bank a my experience with the company is no problem at all even with the web site experience of online banking,Digital Banking,Positive,Positive,Positive,Positive,Positive,Positive,Positive,Neutral,Positive,Positive,Positive,Positive,Positive,Neutral,Positive,Positive,Positive,Positive,Positive,Neutral,Positive
Trustpilot,3,wait time to meet with someone wa a negative for me waited about of minute on a positive note once i got to meet with the manager the banking business wa completed in a timely manner and all my question were answered,Customer Service,Neutral,Negative,Negative,Negative,Positive,Negative,Negative,Negative,Negative,Negative,Positive,Negative,Negative,Negative,Negative,Negative,Positive,Negative,Negative,Negative,Negative
Trustpilot,5,i had very good and smooth transaction so no complain there service is up to the mark,Customer Service,Positive,Positive,Positive,Positive,Positive,Positive,Positive,Negative,Positive,Positive,Positive,Positive,Positive,Negative,Positive,Positive,Positive,Positive,Positive,Negative,Positive
Trustpilot,5,every time that i need help i called and talked with a live person,General,Positive,Positive,Positive,Positive,Neutral,Positive,Positive,Negative,Positive,Positive,Neutral,Positive,Positive,Negative,Positive,Positive,Neutral,Positive,Positive,Negative,Positive
Trustpilot,5,teller wa very efficient and professional,Customer Service,Positive,Positive,Positive,Neutral,Positive,Positive,Positive,Positive,Positive,Neutral,Positive,Positive,Positive,Positive,Positive,Neutral,Positive,Positive,Positive,Positive,Positive
Trustpilot,5,very friendly staff and great knowledge the staff were very friendly great knowledge and followed with me to guarantee that everything wa of,Customer Service,Positive,Positive,Positive,Positive,Positive,Positive,Positive,Negative,Positive,Positive,Positive,Positive,Positive,Negative,Positive,Positive,Positive,Positive,Positive,Negative,Positive
Trustpilot,5,friendly people that know your name christina is always so helpful and pleasant at the dartmouth branch always look forward to seeing her behind the counter,Customer Service,Positive,Positive,Positive,Positive,Positive,Positive,Positive,Negative,Positive,Positive,Positive,Positive,Positive,Negative,Positive,Positive,Positive,Positive,Positive,Negative,Positive
Trustpilot,5,great experience everyone wa very friendly and the process for getting my daughter a new debit card went smoothly,Digital Banking,Positive,Positive,Positive,Positive,Positive,Positive,Positive,Negative,Neutral,Positive,Positive,Positive,Positive,Negative,Positive,Positive,Positive,Positive,Positive,Negative,Neutral
Trustpilot,5,great experience staff cooperative and excellent job,Customer Service,Positive,Positive,Positive,Positive,Positive,Positive,Positive,Positive,Positive,Positive,Positive,Positive,Positive,Positive,Positive,Positive,Positive,Positive,Positive,Positive,Positive
Trustpilot,5,great employee the employee are courteous and helpful and in never in there longer than of minute,Customer Service,Positive,Positive,Positive,Positive,Positive,Positive,Positive,Negative,Positive,Positive,Positive,Positive,Positive,Negative,Positive,Positive,Positive,Positive,Positive,Negative,Positive
Trustpilot,5,your personnel at the main and somerset branded are so welcoming and friendly,Customer Service,Positive,Positive,Positive,Positive,Positive,Positive,Positive,Negative,Positive,Positive,Positive,Positive,Positive,Negative,Positive,Positive,Positive,Positive,Positive,Negative,Positive
Trustpilot,5,excellent and friendly customer service excellent and friendly customer service,Customer Service,Positive,Positive,Positive,Positive,Positive,Positive,Positive,Positive,Positive,Positive,Positive,Positive,Positive,Positive,Positive,Positive,Positive,Positive,Positive,Positive,Positive
Trustpilot,5,everything wa fine everything wa fine,General,Positive,Neutral,Positive,Positive,Positive,Positive,Positive,Positive,Positive,Positive,Positive,Positive,Positive,Positive,Positive,Positive,Positive,Positive,Positive,Positive,Positive
Trustpilot,4,that a nice product that a nice product,General,Positive,Positive,Positive,Positive,Positive,Positive,Positive,Positive,Positive,Positive,Positive,Positive,Positive,Positive,Positive,Positive,Positive,Positive,Positive,Positive,Positive
Trustpilot,5,attending is very good attending is very good very professional and courteous,General,Positive,Positive,Positive,Positive,Positive,Positive,Positive,Positive,Positive,Positive,Positive,Positive,Positive,Positive,Positive,Positive,Positive,Positive,Positive,Positive,Positive
Trustpilot,4,very good experience very good experience,General,Positive,Positive,Positive,Positive,Positive,Positive,Positive,Positive,Positive,Positive,Positive,Positive,Positive,Positive,Positive,Positive,Positive,Positive,Positive,Positive,Positive
Trustpilot,5,the guy who i called wa very polite and solved my problem in under a minute,Customer Service,Positive,Positive,Positive,Positive,Neutral,Positive,Positive,Negative,Positive,Positive,Neutral,Positive,Positive,Negative,Positive,Positive,Neutral,Positive,Positive,Negative,Positive
Trustpilot,5,very knowledgeable answered my question,General,Positive,Positive,Positive,Negative,Positive,Positive,Positive,Positive,Neutral,Negative,Positive,Positive,Positive,Positive,Neutral,Negative,Positive,Positive,Positive,Positive,Neutral
Trustpilot,5,easy for go in write signage easy for go in write signage informed by you business platform appreciate that is it never a is so easy your support so very good,Digital Banking,Positive,Positive,Positive,Positive,Positive,Positive,Positive,Negative,Positive,Positive,Positive,Positive,Positive,Negative,Positive,Positive,Positive,Positive,Positive,Negative,Positive
Trustpilot,5,exceptional service and understanding of the issue i had i wa very satisfied with the people whom i spoke with,Customer Service,Positive,Positive,Positive,Positive,Positive,Positive,Positive,Negative,Positive,Positive,Positive,Positive,Positive,Negative,Positive,Positive,Positive,Positive,Positive,Negative,Positive
Trustpilot,5,good experience the girl wa very pleasant and helpful,Customer Service,Positive,Positive,Positive,Positive,Positive,Positive,Positive,Positive,Positive,Positive,Positive,Positive,Positive,Positive,Positive,Positive,Positive,Positive,Positive,Positive,Positive
Trustpilot,5,when you visit the bank when you visit the bank you always receive quality service and sweet,Customer Service,Positive,Positive,Positive,Positive,Positive,Positive,Positive,Negative,Positive,Positive,Positive,Positive,Positive,Negative,Positive,Positive,Positive,Positive,Positive,Negative,Positive
Trustpilot,5,nice awesome nice awesome,General,Positive,Positive,Positive,Positive,Positive,Positive,Positive,Positive,Positive,Positive,Positive,Positive,Positive,Positive,Positive,Positive,Positive,Positive,Positive,Positive,Positive
Trustpilot,5,very nice experience and i will collaborate with them every year,General,Positive,Positive,Positive,Positive,Positive,Positive,Positive,Positive,Positive,Positive,Positive,Positive,Positive,Positive,Positive,Positive,Positive,Positive,Positive,Positive,Positive
Trustpilot,1,i would rate my experience a a out of a i have good knowledge and skill and i am always improving,General,Negative,Negative,Negative,Positive,Positive,Positive,Positive,Positive,Positive,Positive,Positive,Positive,Positive,Positive,Positive,Positive,Positive,Positive,Positive,Positive,Positive
Trustpilot,5,branch visit friendly professional and efficient employee,Customer Service,Positive,Positive,Positive,Positive,Positive,Positive,Positive,Positive,Positive,Positive,Positive,Positive,Positive,Positive,Positive,Positive,Positive,Positive,Positive,Positive,Positive
Trustpilot,5,very good service very good service,Customer Service,Positive,Positive,Positive,Positive,Positive,Positive,Positive,Positive,Positive,Positive,Positive,Positive,Positive,Positive,Positive,Positive,Positive,Positive,Positive,Positive,Positive
Trustpilot,5,visit 2192027 professional and helpful,Customer Service,Positive,Positive,Positive,Positive,Positive,Positive,Positive,Positive,Positive,Positive,Positive,Positive,Positive,Positive,Positive,Positive,Positive,Positive,Positive,Positive,Positive
Trustpilot,5,my loan officer wa very helpful always on top of everything he made the process easy and quick thank you dennis for everything,"Loans, Customer Service",Positive,Positive,Positive,Positive,Positive,Positive,Positive,Negative,Positive,Positive,Positive,Positive,Positive,Negative,Positive,Positive,Positive,Positive,Positive,Negative,Positive
Trustpilot,4,best travelling agency best travelling agency,General,Positive,Positive,Positive,Positive,Positive,Positive,Positive,Positive,Positive,Positive,Positive,Positive,Positive,Positive,Positive,Positive,Positive,Positive,Positive,Positive,Positive
Trustpilot,1,the branch in somerset mass the branch in somerset mass is the worst no teller to service customer you always wait no matter what time of day it is terrible communication with customer the list go on and on this bank is awful,Customer Service,Negative,Negative,Negative,Negative,Negative,Negative,Negative,Negative,Negative,Negative,Negative,Negative,Negative,Negative,Negative,Negative,Negative,Negative,Negative,Negative,Negative
Trustpilot,5,i went in to cash in coin and all went very well,General,Positive,Positive,Positive,Positive,Positive,Positive,Positive,Negative,Positive,Positive,Positive,Positive,Positive,Neutral,Positive,Positive,Positive,Positive,Positive,Negative,Positive
Trustpilot,5,i always get what i need when i call although the branch that i used is closed when i call on the phone i am always treated with the utmost respect employee are always knowledgeable and courteous,Customer Service,Positive,Positive,Positive,Positive,Positive,Positive,Positive,Negative,Positive,Positive,Positive,Positive,Positive,Negative,Positive,Positive,Positive,Positive,Positive,Negative,Positive
Trustpilot,5,bank is fantastic bank a is a wonderful local bank that i enjoy working with the swansea branch is always helpful and in good spirit making my daily visit excellent,Customer Service,Positive,Positive,Positive,Positive,Positive,Positive,Positive,Negative,Positive,Positive,Positive,Positive,Positive,Negative,Positive,Positive,Positive,Positive,Positive,Negative,Positive
Trustpilot,5,west port digital branch is amazing everyone wa extremely helpful with my need the service wa great and i would recommend to anyone,Customer Service,Positive,Positive,Positive,Positive,Positive,Positive,Positive,Negative,Positive,Positive,Positive,Positive,Positive,Negative,Positive,Positive,Positive,Positive,Positive,Negative,Positive
Trustpilot,5,jim sandwich wa wa very easy to work with a a mortgage broker highly recommend him,Loans,Positive,Positive,Positive,Positive,Positive,Positive,Positive,Positive,Positive,Positive,Positive,Positive,Positive,Negative,Positive,Positive,Positive,Positive,Positive,Positive,Positive
Trustpilot,5,they made the process and experience very good clear instruction and personal guidance,General,Positive,Positive,Positive,Positive,Positive,Positive,Positive,Positive,Positive,Positive,Positive,Positive,Positive,Positive,Positive,Positive,Positive,Positive,Positive,Positive,Positive
Trustpilot,5,hailed cabral review i have seen hailed cabral in the dartmouth branch a few time over the past year or so to help me with getting statement for my mother and her husband to get through the medicaid process which is a bear she is always courteous helpful calm and doesn't rush the process she must be a valuable asset to bank a a she is definitely a valuable asset to me and my need with my family regard daniel hawkins,Customer Service,Positive,Positive,Positive,Positive,Positive,Positive,Positive,Negative,Positive,Positive,Positive,Positive,Positive,Negative,Positive,Positive,Positive,Positive,Positive,Negative,Positive
Trustpilot,5,great thinking of moving all my banking to bank five,General,Positive,Positive,Positive,Positive,Positive,Positive,Positive,Negative,Positive,Positive,Positive,Positive,Positive,Negative,Positive,Positive,Positive,Positive,Positive,Negative,Positive
Trustpilot,5,helpful very good helpful very good,Customer Service,Positive,Positive,Positive,Positive,Positive,Positive,Positive,Positive,Positive,Positive,Positive,Positive,Positive,Positive,Positive,Positive,Positive,Positive,Positive,Positive,Positive
Trustpilot,5,customer service agent wa very polite extremely helpful i had a couple question about my acct she helped answer them fairly easily been a member of bank plan to be for many yr to cone keep up the great work hundred point,Customer Service,Positive,Positive,Positive,Positive,Positive,Positive,Positive,Negative,Positive,Positive,Positive,Positive,Positive,Negative,Positive,Positive,Positive,Positive,Positive,Negative,Positive
Trustpilot,5,helpful samantha wa very knowledgeable diligent and very helpful,Customer Service,Positive,Positive,Positive,Positive,Positive,Positive,Positive,Positive,Positive,Positive,Positive,Positive,Positive,Positive,Positive,Positive,Positive,Positive,Positive,Positive,Positive
Trustpilot,5,he rep wa very polite helpful and patient i had an issue at the super walmart and my card didst register with their machine until i went to service desk which flagged a fraud alert on the phone your representative wa very polite helpful and patient even when i didst understand one of the thing he wa asking he explained what wa needed for clarification and resolved my issue to re activate my card thank you for having awesome helpful informative staff,"Customer Service, Digital Banking",Positive,Positive,Positive,Positive,Positive,Positive,Positive,Negative,Neutral,Positive,Positive,Positive,Positive,Negative,Negative,Positive,Positive,Positive,Positive,Negative,Neutral
Trustpilot,4,am goooooooooooooooood am goooooooooooooooood,General,Positive,Positive,Positive,Positive,Neutral,Positive,Positive,Positive,Positive,Positive,Neutral,Positive,Positive,Positive,Positive,Positive,Neutral,Positive,Positive,Positive,Positive
Trustpilot,1,okay i am a construction person i do construction and then i have my account but i didst have nothing to say so actually i am a willing to build my house yeah but in not working at the moment that is why you can have this app yeah,Digital Banking,Negative,Neutral,Negative,Positive,Positive,Negative,Negative,Negative,Negative,Positive,Positive,Negative,Negative,Negative,Negative,Positive,Positive,Negative,Negative,Negative,Negative
Trustpilot,5,excellent service with personal excellent service with personnel,Customer Service,Positive,Positive,Positive,Positive,Positive,Positive,Positive,Positive,Positive,Positive,Positive,Positive,Positive,Positive,Positive,Positive,Positive,Positive,Positive,Positive,Positive
Trustpilot,5,helpful staff helpful staff quick in and out pleasant atmosphere,"Customer Service, Digital Banking",Positive,Positive,Positive,Positive,Positive,Positive,Positive,Positive,Negative,Positive,Positive,Positive,Positive,Positive,Neutral,Positive,Positive,Positive,Positive,Positive,Negative
Trustpilot,5,the person that helped me get thing done is outstanding,General,Positive,Positive,Positive,Positive,Positive,Positive,Positive,Negative,Positive,Positive,Positive,Positive,Positive,Negative,Positive,Positive,Positive,Positive,Positive,Negative,Positive
Trustpilot,5,very easy to get done very easy to get done people were very knowledgeable,General,Positive,Positive,Positive,Positive,Positive,Positive,Positive,Positive,Positive,Positive,Positive,Positive,Positive,Positive,Positive,Positive,Positive,Positive,Positive,Positive,Positive
Trustpilot,5,somerset a bank five the staff at the somerset branch of bank five are awesome everyone is so friendly and helpful always quickly assisted always greeted with a smile,Customer Service,Positive,Positive,Positive,Positive,Positive,Positive,Positive,Negative,Positive,Positive,Positive,Positive,Positive,Negative,Positive,Positive,Positive,Positive,Positive,Negative,Positive
Trustpilot,5,somerset branch visit the staff at this branch are very good from the manager doreen and the rest of the crew always a pleasure to deal with this banking center and staff thank you,Customer Service,Positive,Positive,Positive,Positive,Positive,Positive,Positive,Negative,Positive,Positive,Positive,Positive,Positive,Negative,Positive,Positive,Positive,Positive,Positive,Negative,Positive
Trustpilot,5,extremely helpful extremely helpful friendly,Customer Service,Positive,Positive,Positive,Positive,Positive,Positive,Positive,Positive,Positive,Positive,Positive,Positive,Positive,Positive,Positive,Positive,Positive,Positive,Positive,Positive,Positive
Trustpilot,5,patience is a virtue i had a complicated issue and your team resolved it i really appreciated the patience throughout the process which took some time to fix,Digital Banking,Positive,Positive,Positive,Positive,Positive,Positive,Positive,Negative,Positive,Positive,Positive,Positive,Positive,Negative,Positive,Positive,Positive,Positive,Positive,Negative,Positive
Trustpilot,5,in getting starting up in getting starting up,General,Neutral,Neutral,Neutral,Positive,Neutral,Neutral,Neutral,Neutral,Neutral,Positive,Neutral,Neutral,Neutral,Neutral,Neutral,Positive,Neutral,Neutral,Neutral,Neutral,Neutral
Trustpilot,5,in singing up in singing up,General,Neutral,Neutral,Neutral,Neutral,Neutral,Neutral,Neutral,Neutral,Neutral,Neutral,Neutral,Neutral,Neutral,Positive,Neutral,Neutral,Neutral,Neutral,Neutral,Neutral,Neutral
Trustpilot,5,staff here are so pleasant and friendly and very efficient and knowledgeable simone and karen are the best,Customer Service,Positive,Positive,Positive,Positive,Positive,Positive,Positive,Positive,Positive,Positive,Positive,Positive,Positive,Positive,Positive,Positive,Positive,Positive,Positive,Positive,Positive
Trustpilot,3,the representative i spoke with wa informative but lack any enthusiasm for his job i actually felt like i had woken him up from a nap,General,Negative,Neutral,Negative,Positive,Positive,Negative,Negative,Negative,Negative,Positive,Positive,Negative,Negative,Negative,Negative,Positive,Positive,Negative,Negative,Negative,Negative
Trustpilot,5,great service at a trying time great service at a trying time they showed a lot of concern,Customer Service,Positive,Positive,Positive,Positive,Positive,Positive,Positive,Neutral,Neutral,Positive,Positive,Positive,Positive,Neutral,Positive,Positive,Positive,Positive,Positive,Neutral,Neutral
Trustpilot,5,live been working with bank a for the last a year both personal and business they are always helpful and responsive keep up with the great job,Customer Service,Positive,Positive,Positive,Positive,Positive,Positive,Positive,Negative,Positive,Positive,Positive,Positive,Positive,Negative,Positive,Positive,Positive,Positive,Positive,Negative,Positive
Trustpilot,5,great customer service great customer service,Customer Service,Positive,Positive,Positive,Neutral,Positive,Positive,Positive,Positive,Negative,Neutral,Positive,Positive,Positive,Positive,Neutral,Neutral,Positive,Positive,Positive,Positive,Negative
Trustpilot,5,the branch i go to on usher avenue the people are very helpful helpful people are very friendly at the branch people are very friendly at the branch they have fast service and ism grateful for that,Customer Service,Positive,Positive,Positive,Positive,Positive,Positive,Positive,Negative,Neutral,Positive,Positive,Positive,Positive,Negative,Neutral,Positive,Positive,Positive,Positive,Negative,Neutral
Trustpilot,5,stephen con stephen con the representative who helped me open a debit card wa polite and courteous he walked me through the step and made it easy for me to understand the process,"Customer Service, Digital Banking",Positive,Positive,Positive,Positive,Positive,Positive,Positive,Negative,Positive,Positive,Positive,Positive,Positive,Negative,Positive,Positive,Positive,Positive,Positive,Negative,Positive
Trustpilot,5,krystal wa terrific krystal wa terrific professional always knowledgeable,General,Positive,Positive,Positive,Positive,Positive,Positive,Positive,Positive,Positive,Positive,Positive,Positive,Positive,Positive,Positive,Positive,Positive,Positive,Positive,Positive,Positive
Trustpilot,5,awesome very helpful awesome very helpful,Customer Service,Positive,Positive,Positive,Positive,Positive,Positive,Positive,Positive,Positive,Positive,Positive,Positive,Positive,Positive,Positive,Positive,Positive,Positive,Positive,Positive,Positive
Trustpilot,5,love winspirt best online pokie enjoy all brand new slot free spin,Digital Banking,Positive,Positive,Positive,Positive,Positive,Positive,Positive,Positive,Positive,Positive,Positive,Positive,Positive,Positive,Positive,Positive,Positive,Positive,Positive,Positive,Positive
Trustpilot,5,friendly people and very helpful friendly people and very helpful,Customer Service,Positive,Positive,Positive,Positive,Positive,Positive,Positive,Positive,Positive,Positive,Positive,Positive,Positive,Positive,Positive,Positive,Positive,Positive,Positive,Positive,Positive
Trustpilot,5,very pleasant tellerunfotunsteky do not remember her name quick service easy parking,Customer Service,Positive,Positive,Positive,Positive,Positive,Positive,Positive,Positive,Positive,Positive,Positive,Positive,Positive,Positive,Positive,Positive,Positive,Positive,Positive,Positive,Positive
Trustpilot,5,bank a service is and to none live purchased multiple home refined multiple loan and bank a ha outdone every other mortgage firm any concern i had along the way wa addressed immediately to my delight they also had the best rate i highly recommend them and i reserve that for rare gem,"Loans, Customer Service",Positive,Positive,Positive,Positive,Positive,Positive,Positive,Negative,Positive,Positive,Positive,Positive,Positive,Negative,Positive,Positive,Positive,Positive,Positive,Negative,Positive
Trustpilot,5,unparalleled proficiency unparalleled proficiency their approach is personal and professional and unmatched they bring to the table a superior level of skill and competence that ha no equal often radiating with profound mastery they signify a capability that far exceeds others with specialized knowledge technical expertise and performance simone lope and keith lav moliere both offer unwavering one on one support and excellence they both are simply awesome thank you for your all your help i look forward to a mutually beneficial and rewarding relationship gregory deg nan,Digital Banking,Positive,Positive,Positive,Positive,Positive,Positive,Positive,Negative,Positive,Positive,Positive,Positive,Positive,Negative,Positive,Positive,Positive,Positive,Positive,Negative,Positive
Trustpilot,5,excellent polite caring patient didst rush took time to help me out keep up the great work,Customer Service,Positive,Positive,Positive,Positive,Positive,Positive,Positive,Negative,Positive,Positive,Positive,Positive,Positive,Negative,Positive,Positive,Positive,Positive,Positive,Negative,Positive
Trustpilot,5,very friendly people very friendly people,General,Positive,Positive,Positive,Positive,Positive,Positive,Positive,Positive,Positive,Positive,Positive,Positive,Positive,Positive,Positive,Positive,Positive,Positive,Positive,Positive,Positive
Trustpilot,5,the staff wa very helpful and smiley the staff wa very helpful and smiley,Customer Service,Positive,Positive,Positive,Positive,Positive,Positive,Positive,Positive,Positive,Positive,Positive,Positive,Positive,Positive,Positive,Positive,Positive,Positive,Positive,Positive,Positive
Trustpilot,5,always a satisfying experience polite efficient always a satisfying experience polite,Customer Service,Positive,Positive,Positive,Positive,Positive,Positive,Positive,Positive,Positive,Positive,Positive,Positive,Positive,Positive,Positive,Positive,Positive,Positive,Positive,Positive,Positive
Trustpilot,3,the atm is broken half the time the atm is broken half the time,Digital Banking,Negative,Negative,Negative,Positive,Negative,Neutral,Neutral,Neutral,Positive,Positive,Negative,Neutral,Neutral,Neutral,Negative,Positive,Negative,Neutral,Neutral,Neutral,Positive
Trustpilot,4,why the wait i wa there to go to the safe deposit box i had to wait because there wa only one person who could check me in due to where the checking device wa ism glad i wasn't in a hurry because there wa an elderly lady at that teller who took a while,Customer Service,Neutral,Negative,Neutral,Positive,Positive,Neutral,Neutral,Negative,Neutral,Positive,Positive,Neutral,Neutral,Negative,Neutral,Positive,Positive,Neutral,Neutral,Negative,Neutral
Trustpilot,5,how it felt to get a loan from bank a it wa awesome the customer service from donna wa unbelievable she help me get my loan fast and easy and she wa super friendly and when i call later with question she answered them previously and patiently happy to be a customer for a year now,"Loans, Customer Service, Digital Banking",Positive,Positive,Positive,Positive,Positive,Positive,Positive,Negative,Negative,Positive,Positive,Positive,Positive,Negative,Positive,Positive,Positive,Positive,Positive,Negative,Negative
Trustpilot,5,simple deposit good job simple deposit done well took several minute could improve that,General,Positive,Neutral,Positive,Positive,Positive,Negative,Negative,Negative,Positive,Positive,Positive,Negative,Positive,Negative,Negative,Positive,Positive,Negative,Negative,Negative,Positive
Trustpilot,5,always satisfied with the service and courtesy,Customer Service,Positive,Positive,Positive,Positive,Positive,Positive,Neutral,Positive,Positive,Positive,Positive,Positive,Positive,Positive,Neutral,Positive,Positive,Positive,Neutral,Positive,Positive
Trustpilot,5,happy thank you happy thank you,Digital Banking,Positive,Positive,Positive,Positive,Positive,Positive,Positive,Positive,Positive,Positive,Positive,Positive,Positive,Positive,Positive,Positive,Positive,Positive,Positive,Positive,Positive
Trustpilot,5,they are very nice people there they are very nice people there,General,Positive,Positive,Positive,Positive,Positive,Positive,Positive,Positive,Positive,Positive,Positive,Positive,Positive,Positive,Positive,Positive,Positive,Positive,Positive,Positive,Positive
Trustpilot,4,pretty good bank pretty good bank,General,Positive,Positive,Positive,Positive,Positive,Positive,Positive,Positive,Positive,Positive,Positive,Positive,Positive,Positive,Positive,Positive,Positive,Positive,Positive,Positive,Positive
Trustpilot,4,fast transaction fast transaction high fee good service,Customer Service,Positive,Neutral,Positive,Positive,Positive,Positive,Positive,Positive,Positive,Positive,Positive,Positive,Positive,Positive,Positive,Positive,Positive,Positive,Positive,Positive,Positive
Trustpilot,5,customer service customer service,Customer Service,Positive,Positive,Positive,Neutral,Neutral,Positive,Neutral,Positive,Negative,Neutral,Neutral,Positive,Positive,Positive,Neutral,Neutral,Neutral,Positive,Neutral,Positive,Negative
Trustpilot,4,bank wa able to resolve the question i had,General,Positive,Positive,Positive,Positive,Neutral,Positive,Positive,Negative,Positive,Positive,Neutral,Positive,Positive,Negative,Positive,Positive,Neutral,Positive,Positive,Negative,Positive
Trustpilot,5,bank where people come first the person wa very helpful it didn't take a lot time for what i had need to do,Customer Service,Positive,Positive,Positive,Positive,Positive,Positive,Positive,Negative,Positive,Positive,Positive,Positive,Positive,Negative,Positive,Positive,Positive,Positive,Positive,Negative,Positive
Trustpilot,5,this seemed to be a easy fix this seemed to be a easy fix samantha wa right on top of this issue after others had no idea,General,Positive,Positive,Positive,Positive,Positive,Positive,Positive,Negative,Positive,Positive,Positive,Positive,Positive,Negative,Positive,Positive,Positive,Positive,Positive,Negative,Positive
Trustpilot,5,great service great service excellent costumer assistance,Customer Service,Positive,Positive,Positive,Positive,Positive,Positive,Positive,Positive,Positive,Positive,Positive,Positive,Positive,Positive,Positive,Positive,Positive,Positive,Positive,Positive,Positive
Trustpilot,5,very helpful and knowledgeable very helpful and knowledgeable,Customer Service,Positive,Positive,Positive,Positive,Positive,Positive,Positive,Positive,Positive,Positive,Positive,Positive,Positive,Positive,Positive,Positive,Positive,Positive,Positive,Positive,Positive
Trustpilot,5,debit card once i told the teller about my issue with debit card not getting cash she new what to do to get card activated,"Customer Service, Digital Banking",Positive,Neutral,Positive,Negative,Negative,Positive,Positive,Negative,Positive,Negative,Negative,Positive,Positive,Negative,Positive,Negative,Negative,Positive,Positive,Negative,Positive
Trustpilot,5,clearly spoken clearly spoken very knowledgeable and polite,Customer Service,Positive,Positive,Positive,Positive,Positive,Positive,Positive,Positive,Positive,Positive,Positive,Positive,Positive,Positive,Positive,Positive,Positive,Positive,Positive,Positive,Positive
Trustpilot,5,prompt service for the transaction i needed,Customer Service,Positive,Positive,Positive,Neutral,Positive,Positive,Positive,Neutral,Positive,Neutral,Positive,Positive,Positive,Neutral,Positive,Neutral,Positive,Positive,Positive,Neutral,Positive
Trustpilot,5,amazing bank amazing bank i have my bud ines and personal account and cant be more happy,Digital Banking,Positive,Positive,Positive,Positive,Positive,Positive,Positive,Negative,Positive,Positive,Positive,Positive,Positive,Negative,Positive,Positive,Positive,Positive,Positive,Negative,Positive
Trustpilot,5,love the service love the service went there to open an account wa a seamless process,Customer Service,Positive,Positive,Positive,Positive,Positive,Positive,Positive,Negative,Neutral,Positive,Positive,Positive,Positive,Negative,Neutral,Positive,Positive,Positive,Positive,Negative,Neutral
Trustpilot,5,trusted this application my experience about this this helpful,"Customer Service, Digital Banking",Positive,Positive,Positive,Positive,Positive,Positive,Positive,Positive,Positive,Positive,Positive,Positive,Positive,Positive,Positive,Positive,Positive,Positive,Positive,Positive,Positive
Trustpilot,5,great service with a smile grinningfacewithbigeyes,Customer Service,Positive,Positive,Positive,Neutral,Positive,Positive,Positive,Positive,Positive,Neutral,Positive,Positive,Positive,Positive,Positive,Neutral,Positive,Positive,Positive,Positive,Positive
Trustpilot,5,great bank and great customer service great bank and great customer service,Customer Service,Positive,Positive,Positive,Neutral,Positive,Positive,Positive,Positive,Positive,Neutral,Positive,Positive,Positive,Positive,Positive,Neutral,Positive,Positive,Positive,Positive,Positive
Trustpilot,5,susana is the best susana is the best she wa helpful throughout my entire home searching experience and wa always available for any question i had thank you for all your help,Customer Service,Positive,Positive,Positive,Positive,Positive,Positive,Positive,Negative,Positive,Positive,Positive,Positive,Positive,Negative,Positive,Positive,Positive,Positive,Positive,Negative,Positive
Trustpilot,5,their all process is easy when i get student loan if you want better bank please choose this,Loans,Positive,Positive,Positive,Positive,Positive,Positive,Negative,Negative,Positive,Positive,Positive,Positive,Neutral,Negative,Neutral,Positive,Positive,Positive,Negative,Negative,Positive
Trustpilot,5,i saw jared he wa a usual very helpful and wa able to answer my question i have been with bank a over of year and never had a problem,Customer Service,Positive,Positive,Positive,Negative,Neutral,Positive,Positive,Negative,Positive,Negative,Neutral,Positive,Positive,Negative,Positive,Negative,Neutral,Positive,Positive,Negative,Positive
Trustpilot,5,of year of year banking with bank our family ha never been disappointed professional knowledgeable and courteous staff,"Customer Service, Digital Banking",Positive,Positive,Positive,Negative,Positive,Positive,Positive,Neutral,Positive,Negative,Positive,Positive,Positive,Neutral,Positive,Negative,Positive,Positive,Positive,Neutral,Positive
Trustpilot,5,friendly and efficient friendly and efficient,General,Positive,Positive,Positive,Positive,Positive,Positive,Positive,Positive,Positive,Positive,Positive,Positive,Positive,Positive,Positive,Positive,Positive,Positive,Positive,Positive,Positive
Trustpilot,5,friendly friendly fast service,Customer Service,Positive,Positive,Positive,Positive,Positive,Positive,Positive,Positive,Positive,Positive,Positive,Positive,Positive,Positive,Positive,Positive,Positive,Positive,Positive,Positive,Positive
Trustpilot,5,professional professional efficient friendly,General,Positive,Positive,Positive,Neutral,Positive,Positive,Positive,Positive,Positive,Neutral,Positive,Positive,Positive,Positive,Positive,Neutral,Positive,Positive,Positive,Positive,Positive
Trustpilot,5,everyone at the somerset branch is great always nice and helpful,Customer Service,Positive,Positive,Positive,Positive,Positive,Positive,Positive,Positive,Positive,Positive,Positive,Positive,Positive,Positive,Positive,Positive,Positive,Positive,Positive,Positive,Positive
Trustpilot,5,make me happy to know that they are capable to handle our finance feel very at home and hope that it continues that way,Digital Banking,Positive,Positive,Positive,Positive,Positive,Positive,Positive,Negative,Negative,Positive,Positive,Positive,Positive,Negative,Positive,Positive,Positive,Positive,Positive,Negative,Negative
Trustpilot,5,excellent service at the bank excellent service,Customer Service,Positive,Positive,Positive,Positive,Positive,Positive,Positive,Positive,Positive,Positive,Positive,Positive,Positive,Positive,Positive,Positive,Positive,Positive,Positive,Positive,Positive
Trustpilot,5,teller are efficient and very pleasant and welcoming,Customer Service,Positive,Positive,Positive,Positive,Positive,Positive,Positive,Positive,Positive,Positive,Positive,Positive,Positive,Positive,Positive,Positive,Positive,Positive,Positive,Positive,Positive
Trustpilot,5,good job good job my only wish is that your mobile app allowed for face id again otherwise i enjoy the ease of use at the branch and the friendly staff update thank you again kyle for reaching out wa able to add face id to my app,"Customer Service, Digital Banking",Positive,Positive,Positive,Positive,Positive,Positive,Positive,Negative,Positive,Positive,Positive,Positive,Positive,Negative,Positive,Positive,Positive,Positive,Positive,Negative,Positive
Trustpilot,5,donna aguilar is outstanding person to work with she is always there to assist you in all your need or concern,General,Positive,Positive,Positive,Positive,Positive,Positive,Neutral,Negative,Negative,Positive,Positive,Positive,Positive,Negative,Positive,Positive,Positive,Positive,Neutral,Negative,Negative
Trustpilot,3,i waited in drive trough for of minute in fair vienna 02719 drive through open at a of wa there at a of bank wa not open,General,Negative,Negative,Negative,Negative,Positive,Positive,Positive,Neutral,Neutral,Negative,Positive,Positive,Positive,Neutral,Negative,Negative,Positive,Positive,Positive,Neutral,Neutral
Trustpilot,5,no matter the branch no matter the branch everyone is very professional pleasant and willing to help thank you,General,Positive,Positive,Positive,Positive,Positive,Positive,Positive,Negative,Positive,Positive,Positive,Positive,Positive,Negative,Positive,Positive,Positive,Positive,Positive,Negative,Positive
Trustpilot,5,i love bank five i love bank five i love the customer in there they re the best,General,Positive,Positive,Positive,Positive,Positive,Positive,Positive,Negative,Positive,Positive,Positive,Positive,Negative,Negative,Positive,Positive,Positive,Positive,Positive,Negative,Positive
Trustpilot,5,friendly and helpful i done go inside for transaction too often but when i do everyone is always friendly and helpful this trip wa no exception bank a is the best,Customer Service,Positive,Positive,Positive,Positive,Positive,Positive,Positive,Negative,Positive,Positive,Positive,Positive,Positive,Negative,Positive,Positive,Positive,Positive,Positive,Negative,Positive
Trustpilot,5,great people willing to help customer great people willing to help customer,General,Positive,Positive,Positive,Positive,Positive,Positive,Positive,Positive,Positive,Positive,Positive,Positive,Positive,Positive,Positive,Positive,Positive,Positive,Positive,Positive,Positive
Trustpilot,5,staff at all branch are always very good still very disappointed that my north end branch closed,"Customer Service, Digital Banking",Neutral,Negative,Neutral,Positive,Neutral,Positive,Neutral,Negative,Neutral,Positive,Neutral,Positive,Neutral,Negative,Neutral,Positive,Neutral,Positive,Neutral,Negative,Neutral
Trustpilot,5,representative wa friendly and knowledgeable answered my question quickly and completely,General,Positive,Positive,Positive,Positive,Positive,Positive,Positive,Positive,Positive,Positive,Positive,Positive,Positive,Positive,Positive,Positive,Positive,Positive,Positive,Positive,Positive
Trustpilot,5,the ease of doing business with the manager and staff the competitive interest rate offered,"Loans, Customer Service",Positive,Positive,Positive,Negative,Positive,Neutral,Neutral,Neutral,Neutral,Negative,Positive,Neutral,Neutral,Neutral,Positive,Negative,Positive,Neutral,Neutral,Neutral,Neutral
Trustpilot,4,really happy to get to know more about trust pilot,Digital Banking,Positive,Positive,Positive,Positive,Positive,Positive,Positive,Positive,Positive,Positive,Positive,Positive,Positive,Positive,Positive,Positive,Positive,Positive,Positive,Positive,Positive
Trustpilot,5,bank a associate bank a associate,General,Neutral,Neutral,Neutral,Negative,Neutral,Positive,Positive,Positive,Positive,Negative,Neutral,Positive,Neutral,Positive,Positive,Negative,Neutral,Positive,Positive,Positive,Positive
Trustpilot,5,fantastic a always fantastic a always,General,Positive,Positive,Positive,Positive,Positive,Positive,Positive,Positive,Positive,Positive,Positive,Positive,Positive,Positive,Positive,Positive,Positive,Positive,Positive,Positive,Positive
Trustpilot,5,krystal wa excellent to open my account with she wa pleasantly helpful in all she said and did,Customer Service,Positive,Positive,Positive,Positive,Positive,Positive,Positive,Negative,Positive,Positive,Positive,Positive,Positive,Negative,Positive,Positive,Positive,Positive,Positive,Negative,Positive
Trustpilot,5,my experience wa good with them i like they really good with people they know how to talk,General,Positive,Positive,Positive,Positive,Positive,Positive,Positive,Positive,Positive,Positive,Positive,Positive,Positive,Positive,Positive,Positive,Positive,Positive,Positive,Positive,Positive
Trustpilot,5,i am very pleased with the help i received,General,Positive,Positive,Positive,Positive,Positive,Positive,Positive,Positive,Positive,Positive,Positive,Positive,Positive,Positive,Positive,Positive,Positive,Positive,Positive,Positive,Positive
Trustpilot,4,satisfied with bank satisfied with bank,General,Positive,Positive,Positive,Positive,Positive,Positive,Positive,Positive,Positive,Positive,Positive,Positive,Positive,Positive,Positive,Positive,Positive,Positive,Positive,Positive,Positive
Trustpilot,5,miguel wa very helpful during stressful time of buying a home,Customer Service,Positive,Positive,Positive,Negative,Neutral,Positive,Positive,Positive,Positive,Negative,Neutral,Positive,Positive,Positive,Positive,Negative,Neutral,Positive,Positive,Positive,Positive
Trustpilot,5,i have been completely satisfied with bank a overall service during my lifetime of yr i've been a member of approximately a other banking institution and none have met the level of service and satisfaction a bank a,"Customer Service, Digital Banking",Positive,Positive,Positive,Positive,Positive,Positive,Positive,Negative,Positive,Positive,Positive,Positive,Positive,Neutral,Positive,Positive,Positive,Positive,Positive,Negative,Positive
Trustpilot,5,they really pay attention for your need and they really helpful,Customer Service,Positive,Positive,Positive,Positive,Positive,Positive,Positive,Positive,Positive,Positive,Positive,Positive,Positive,Positive,Positive,Positive,Positive,Positive,Positive,Positive,Positive
Trustpilot,5,kudos to swansea branch excellent staff at the swansea branch jared is a true asset they truly care about the customer and take the time to understand what is being asked all employee go out of their way to make each transaction count,Customer Service,Positive,Positive,Positive,Positive,Positive,Positive,Positive,Negative,Positive,Positive,Positive,Positive,Positive,Negative,Positive,Positive,Positive,Positive,Positive,Negative,Positive
Trustpilot,5,to the people at work for bank a i've been with this bank since of of best choice in my life your people are kind and very helpful no matter what trouble i get myself into there's always somebody there to help me out thank you very much,Customer Service,Positive,Positive,Positive,Positive,Positive,Positive,Positive,Negative,Positive,Positive,Positive,Positive,Positive,Negative,Positive,Positive,Positive,Positive,Positive,Negative,Positive
Trustpilot,5,friendly and informative thank you friendly and informative thank you,General,Positive,Positive,Positive,Positive,Positive,Positive,Positive,Positive,Positive,Positive,Positive,Positive,Positive,Positive,Positive,Positive,Positive,Positive,Positive,Positive,Positive
Trustpilot,5,very nice and efficient very nice and efficient,General,Positive,Positive,Positive,Positive,Positive,Positive,Positive,Positive,Positive,Positive,Positive,Positive,Positive,Positive,Positive,Positive,Positive,Positive,Positive,Positive,Positive
Trustpilot,5,great bank i have used this bank for over of year and i feel the bank personnel are always friendly and professional i moved out of the state yet i kept this bank due to the way they treat me and always having my best interest in mind,Customer Service,Positive,Positive,Positive,Positive,Positive,Positive,Positive,Negative,Positive,Positive,Positive,Positive,Positive,Negative,Positive,Positive,Positive,Positive,Positive,Negative,Positive
Trustpilot,5,love bank five love bank five everyone is so friendly and helpful,Customer Service,Positive,Positive,Positive,Positive,Positive,Positive,Positive,Positive,Positive,Positive,Positive,Positive,Positive,Positive,Positive,Positive,Positive,Positive,Positive,Positive,Positive
Trustpilot,5,using in portugal i wa in europe and had no issue using my card and reviewing my purchase to confirm that there had been no unwarranted charge,Digital Banking,Positive,Positive,Positive,Positive,Positive,Positive,Positive,Negative,Positive,Positive,Positive,Positive,Positive,Negative,Positive,Positive,Positive,Positive,Positive,Negative,Positive
Trustpilot,5,it is a great bank the people who work there,General,Positive,Positive,Positive,Positive,Positive,Positive,Positive,Neutral,Positive,Positive,Positive,Positive,Positive,Neutral,Positive,Positive,Positive,Positive,Positive,Neutral,Positive
Trustpilot,5,friendly quick service friendly quick service just happened to see a coworker her sister come in there wa a warm greeting like family,"Customer Service, Digital Banking",Positive,Positive,Positive,Positive,Positive,Positive,Positive,Positive,Positive,Positive,Positive,Positive,Positive,Negative,Positive,Positive,Positive,Positive,Positive,Positive,Positive
Trustpilot,4,great experience thanks great experience thanks,General,Positive,Positive,Positive,Positive,Positive,Positive,Positive,Positive,Positive,Positive,Positive,Positive,Positive,Positive,Positive,Positive,Positive,Positive,Positive,Positive,Positive
Trustpilot,3,i still haven received my new debit card i realize i am dealing with business day but i am upset i haven received the card yet,Digital Banking,Negative,Negative,Negative,Positive,Negative,Negative,Negative,Negative,Negative,Positive,Negative,Negative,Negative,Negative,Negative,Positive,Negative,Negative,Negative,Negative,Negative
Trustpilot,1,when i sign on on my bank account with bank five it show that i have only one account which should be two account plus the overdraft protection could you tell me why and how to fix it,General,Negative,Neutral,Negative,Negative,Positive,Negative,Negative,Negative,Negative,Negative,Positive,Negative,Negative,Negative,Negative,Negative,Positive,Negative,Negative,Negative,Negative
Trustpilot,5,a senior employee worked me through the detail in person,Customer Service,Positive,Neutral,Positive,Positive,Positive,Positive,Positive,Neutral,Positive,Positive,Positive,Positive,Positive,Neutral,Positive,Positive,Positive,Positive,Positive,Neutral,Positive
Trustpilot,1,the mobile app never works and keeps crashing every time i try to log in,Digital Banking,Negative,Negative,Negative,Negative,Negative,Negative,Neutral,Negative,Neutral,Negative,Negative,Negative,Negative,Negative,Positive,Negative,Negative,Negative,Neutral,Negative,Neutral
Trustpilot,1,i was charged an overdraft fee for absolutely no reason very frustrating,General,Negative,Negative,Negative,Positive,Negative,Negative,Negative,Negative,Negative,Positive,Negative,Negative,Negative,Negative,Negative,Positive,Negative,Negative,Negative,Negative,Negative
Trustpilot,1,terrible customer service and rude tellers i will be closing my account,Customer Service,Negative,Negative,Negative,Negative,Negative,Negative,Negative,Negative,Negative,Negative,Negative,Negative,Negative,Negative,Negative,Negative,Negative,Negative,Negative,Negative,Negative
Trustpilot,2,waited over an hour just to deposit a check unacceptable wait times,Customer Service,Negative,Negative,Negative,Negative,Negative,Negative,Negative,Neutral,Negative,Negative,Negative,Negative,Negative,Neutral,Negative,Negative,Negative,Negative,Negative,Neutral,Negative
Trustpilot,1,they blocked my debit card while i was traveling and left me stranded,Digital Banking,Negative,Negative,Negative,Negative,Neutral,Negative,Negative,Negative,Negative,Negative,Neutral,Negative,Negative,Negative,Neutral,Negative,Neutral,Negative,Negative,Negative,Negative
Trustpilot,1,the mortgage loan process was a nightmare and the officer ignored my calls,Loans,Negative,Negative,Negative,Negative,Negative,Negative,Negative,Negative,Negative,Negative,Negative,Negative,Negative,Negative,Negative,Negative,Negative,Negative,Negative,Negative,Negative
Trustpilot,2,face id never works on the new app update please fix this,Digital Banking,Negative,Negative,Negative,Negative,Negative,Negative,Negative,Neutral,Negative,Negative,Negative,Negative,Negative,Neutral,Negative,Negative,Negative,Negative,Negative,Neutral,Negative
Trustpilot,1,hidden fees everywhere this bank just wants to steal your money,General,Negative,Negative,Negative,Positive,Negative,Negative,Negative,Negative,Neutral,Negative,Negative,Negative,Neutral,Negative,Negative,Positive,Negative,Negative,Negative,Negative,Neutral
Trustpilot,1,atm swallowed my card and the branch manager refused to help me,Customer Service,Negative,Negative,Negative,Negative,Negative,Negative,Negative,Negative,Negative,Negative,Negative,Negative,Negative,Negative,Negative,Negative,Negative,Negative,Negative,Negative,Negative
Trustpilot,2,website is constantly down for maintenance during business hours,Digital Banking,Negative,Negative,Negative,Positive,Neutral,Negative,Negative,Neutral,Negative,Positive,Neutral,Negative,Negative,Neutral,Negative,Positive,Neutral,Negative,Negative,Neutral,Negative
Trustpilot,1,i applied for a heloc and was completely ghosted by the loan team,Loans,Negative,Negative,Negative,Positive,Neutral,Negative,Negative,Negative,Negative,Positive,Neutral,Negative,Negative,Negative,Negative,Positive,Neutral,Negative,Negative,Negative,Negative
Trustpilot,1,worst banking experience of my life no one knows what they are doing,General,Negative,Negative,Negative,Negative,Negative,Negative,Negative,Negative,Negative,Negative,Negative,Negative,Negative,Negative,Negative,Negative,Negative,Negative,Negative,Negative,Negative
Trustpilot,2,customer support put me on hold for forty minutes then disconnected,Customer Service,Negative,Negative,Negative,Neutral,Positive,Negative,Negative,Negative,Negative,Neutral,Positive,Negative,Negative,Negative,Negative,Neutral,Positive,Negative,Negative,Negative,Negative
Trustpilot,1,they closed my local branch without any notice now i have to drive miles,General,Negative,Negative,Negative,Positive,Neutral,Negative,Negative,Negative,Negative,Positive,Neutral,Negative,Negative,Negative,Negative,Positive,Neutral,Negative,Negative,Negative,Negative
Trustpilot,1,i transferred funds and they disappeared for three days horrible system,Digital Banking,Negative,Negative,Negative,Negative,Negative,Negative,Negative,Negative,Negative,Negative,Negative,Negative,Negative,Negative,Neutral,Negative,Negative,Negative,Negative,Negative,Negative
Trustpilot,2,interest rates on savings are an absolute joke compared to competitors,General,Negative,Negative,Negative,Positive,Neutral,Neutral,Neutral,Neutral,Positive,Positive,Negative,Neutral,Neutral,Neutral,Neutral,Positive,Neutral,Neutral,Neutral,Neutral,Positive
Trustpilot,1,the staff at the front desk was incredibly dismissive and unhelpful,Customer Service,Negative,Negative,Negative,Negative,Negative,Negative,Negative,Negative,Negative,Negative,Negative,Negative,Negative,Positive,Negative,Negative,Negative,Negative,Negative,Negative,Negative
Trustpilot,2,online banking interface looks like it was built twenty years ago,Digital Banking,Negative,Negative,Negative,Positive,Positive,Negative,Negative,Neutral,Negative,Neutral,Positive,Negative,Negative,Neutral,Negative,Positive,Positive,Negative,Negative,Neutral,Negative
Trustpilot,1,my identity was stolen and the fraud department did nothing to assist,Customer Service,Negative,Negative,Negative,Negative,Negative,Negative,Negative,Negative,Negative,Negative,Negative,Negative,Negative,Negative,Negative,Negative,Negative,Negative,Negative,Negative,Negative
Trustpilot,1,they refused to reverse a fraudulent charge i am taking my business elsewhere,General,Negative,Negative,Negative,Negative,Negative,Negative,Negative,Negative,Neutral,Negative,Negative,Negative,Negative,Negative,Negative,Negative,Negative,Negative,Negative,Negative,Neutral
Trustpilot,2,the mobile check deposit feature rejects clear photos half the time,Digital Banking,Negative,Negative,Negative,Positive,Neutral,Negative,Negative,Neutral,Negative,Positive,Neutral,Negative,Negative,Neutral,Negative,Positive,Neutral,Negative,Negative,Neutral,Negative
Trustpilot,1,too many unexpected charges on my business account very shady,General,Negative,Negative,Negative,Negative,Negative,Negative,Negative,Negative,Negative,Negative,Negative,Negative,Negative,Negative,Negative,Negative,Negative,Negative,Negative,Negative,Negative
Trustpilot,1,i have been waiting weeks for my replacement debit card completely unacceptable,Customer Service,Negative,Negative,Negative,Negative,Negative,Negative,Negative,Negative,Negative,Negative,Negative,Negative,Negative,Negative,Negative,Negative,Negative,Negative,Negative,Negative,Negative
Trustpilot,2,the drive thru teller was very slow and had a terrible attitude today,Customer Service,Negative,Negative,Negative,Negative,Negative,Negative,Negative,Negative,Negative,Negative,Negative,Negative,Negative,Negative,Negative,Negative,Negative,Negative,Negative,Negative,Negative
Trustpilot,1,my mortgage application was mishandled and cost me the house,Loans,Negative,Negative,Negative,Negative,Neutral,Negative,Negative,Negative,Negative,Negative,Neutral,Negative,Negative,Negative,Negative,Negative,Neutral,Negative,Negative,Negative,Negative
Trustpilot,1,absolutely useless support chat bot that never connects to a human,Digital Banking,Negative,Negative,Negative,Negative,Neutral,Negative,Negative,Negative,Negative,Negative,Neutral,Negative,Negative,Negative,Negative,Negative,Neutral,Negative,Negative,Negative,Negative
Trustpilot,2,the atm outside is always out of service or out of cash,General,Negative,Negative,Negative,Positive,Neutral,Positive,Negative,Negative,Negative,Positive,Neutral,Positive,Negative,Negative,Negative,Positive,Neutral,Positive,Negative,Negative,Negative
Trustpilot,1,i hate banking here every simple transaction becomes a massive headache,General,Negative,Negative,Negative,Negative,Negative,Negative,Negative,Negative,Negative,Negative,Negative,Negative,Negative,Negative,Negative,Negative,Negative,Negative,Negative,Negative,Negative
Trustpilot,1,refinancing my loan here was the biggest mistake i ever made,Loans,Negative,Negative,Negative,Negative,Negative,Neutral,Neutral,Negative,Negative,Negative,Negative,Neutral,Neutral,Negative,Negative,Negative,Negative,Neutral,Neutral,Negative,Negative
Trustpilot,2,why do i have to go into a branch just to reset my online password,Digital Banking,Negative,Negative,Negative,Positive,Neutral,Negative,Negative,Negative,Negative,Positive,Neutral,Negative,Negative,Negative,Negative,Positive,Neutral,Negative,Negative,Negative,Negative
Trustpilot,1,the manager treated me with total disrespect when i asked a simple question,Customer Service,Negative,Negative,Negative,Negative,Negative,Negative,Negative,Negative,Negative,Negative,Negative,Negative,Negative,Negative,Negative,Negative,Negative,Negative,Negative,Negative,Negative
Trustpilot,1,my account was locked for suspicious activity but i was the one using it,Digital Banking,Negative,Negative,Negative,Negative,Negative,Negative,Negative,Negative,Negative,Negative,Negative,Negative,Negative,Negative,Negative,Negative,Negative,Negative,Negative,Negative,Negative
Trustpilot,2,ridiculous wait times on the phone just to check my account balance,Customer Service,Negative,Negative,Negative,Positive,Negative,Neutral,Negative,Negative,Neutral,Negative,Negative,Neutral,Neutral,Negative,Neutral,Positive,Negative,Neutral,Negative,Negative,Neutral
Trustpilot,1,they ruined my credit score by failing to process my auto pay correctly,General,Negative,Negative,Negative,Negative,Negative,Negative,Negative,Negative,Negative,Negative,Negative,Negative,Negative,Negative,Negative,Negative,Negative,Negative,Negative,Negative,Negative
Trustpilot,1,zero communication from the loan department during the whole process,Loans,Negative,Negative,Negative,Positive,Neutral,Negative,Negative,Neutral,Negative,Positive,Neutral,Negative,Negative,Neutral,Negative,Positive,Neutral,Negative,Negative,Neutral,Negative
Trustpilot,2,the new website design is confusing and hard to navigate,Digital Banking,Negative,Negative,Negative,Negative,Negative,Negative,Negative,Neutral,Negative,Negative,Negative,Negative,Negative,Neutral,Negative,Negative,Negative,Negative,Negative,Neutral,Negative
Trustpilot,1,i asked to speak to a supervisor and they hung up on me,Customer Service,Negative,Negative,Negative,Neutral,Negative,Negative,Negative,Negative,Negative,Neutral,Negative,Negative,Negative,Negative,Negative,Neutral,Negative,Negative,Negative,Negative,Negative
Trustpilot,1,this bank has zero respect for long time loyal customers,General,Negative,Negative,Negative,Positive,Positive,Negative,Neutral,Neutral,Neutral,Positive,Positive,Positive,Negative,Neutral,Negative,Positive,Positive,Negative,Neutral,Neutral,Neutral
Trustpilot,2,i cannot link my bank account to any external financial apps,Digital Banking,Negative,Negative,Negative,Negative,Neutral,Negative,Negative,Negative,Negative,Negative,Neutral,Negative,Negative,Negative,Negative,Negative,Neutral,Negative,Negative,Negative,Negative
Trustpilot,1,they lost my wire transfer and took zero responsibility for the error,General,Negative,Negative,Negative,Negative,Negative,Negative,Negative,Negative,Negative,Negative,Negative,Negative,Negative,Negative,Negative,Negative,Negative,Negative,Negative,Negative,Negative
Trustpilot,1,the teller rolled her eyes at me when i brought in loose change,Customer Service,Negative,Negative,Negative,Neutral,Negative,Negative,Negative,Negative,Negative,Negative,Negative,Negative,Negative,Negative,Negative,Neutral,Negative,Negative,Negative,Negative,Negative
Trustpilot,2,their security measures are so strict i cant even access my own funds,Digital Banking,Negative,Negative,Negative,Positive,Negative,Negative,Negative,Negative,Negative,Positive,Negative,Negative,Negative,Negative,Negative,Positive,Negative,Negative,Negative,Negative,Negative
Trustpilot,1,i was given completely wrong information by three different employees,Customer Service,Negative,Negative,Negative,Positive,Negative,Negative,Negative,Negative,Negative,Positive,Negative,Negative,Negative,Negative,Negative,Positive,Negative,Negative,Negative,Negative,Negative
Trustpilot,1,the interest rate they promised on my mortgage magically changed at closing,Loans,Negative,Negative,Negative,Positive,Positive,Neutral,Negative,Neutral,Neutral,Positive,Positive,Neutral,Negative,Neutral,Neutral,Positive,Positive,Neutral,Negative,Neutral,Neutral
Trustpilot,2,the mobile app drains my phone battery and is extremely laggy,Digital Banking,Negative,Negative,Negative,Positive,Negative,Negative,Negative,Neutral,Negative,Positive,Negative,Negative,Negative,Neutral,Negative,Positive,Negative,Negative,Negative,Neutral,Negative
Trustpilot,1,i closed my account today because of the constant monthly maintenance fees,General,Negative,Negative,Negative,Positive,Neutral,Neutral,Negative,Neutral,Negative,Positive,Neutral,Neutral,Neutral,Neutral,Neutral,Positive,Neutral,Neutral,Negative,Neutral,Negative
Trustpilot,1,the customer service representative was condescending and rude,Customer Service,Negative,Negative,Negative,Positive,Negative,Negative,Neutral,Positive,Negative,Neutral,Negative,Positive,Negative,Positive,Neutral,Positive,Negative,Negative,Neutral,Positive,Negative
Trustpilot,2,my direct deposit was delayed and caused me to miss a bill payment,General,Negative,Negative,Negative,Negative,Negative,Negative,Negative,Negative,Negative,Negative,Negative,Negative,Negative,Negative,Negative,Negative,Negative,Negative,Negative,Negative,Negative
Trustpilot,1,worst customer service i have ever experienced in the banking industry,Customer Service,Negative,Negative,Negative,Negative,Negative,Negative,Negative,Neutral,Negative,Negative,Negative,Negative,Negative,Neutral,Negative,Negative,Negative,Negative,Negative,Neutral,Negative
Trustpilot,1,do not get a loan from them they will drown you in paperwork and delays,Loans,Negative,Negative,Negative,Negative,Negative,Negative,Negative,Negative,Negative,Negative,Negative,Negative,Negative,Negative,Negative,Negative,Negative,Negative,Negative,Negative,Negative
Trustpilot,2,the app fingerprint login feature broke after the last update,Digital Banking,Negative,Negative,Negative,Negative,Negative,Negative,Negative,Neutral,Negative,Negative,Negative,Negative,Negative,Neutral,Negative,Negative,Negative,Negative,Negative,Neutral,Negative
Trustpilot,1,they refused to cash a check drawn on their own bank simply terrible,General,Negative,Negative,Negative,Negative,Negative,Negative,Negative,Negative,Negative,Negative,Negative,Negative,Negative,Negative,Negative,Negative,Negative,Negative,Negative,Negative,Negative
Trustpilot,1,i stood in line for thirty minutes while three tellers just chatted,Customer Service,Negative,Negative,Negative,Positive,Neutral,Negative,Negative,Neutral,Negative,Positive,Neutral,Negative,Negative,Neutral,Negative,Positive,Neutral,Negative,Negative,Neutral,Negative
Trustpilot,2,the online statements are impossible to download or print correctly,Digital Banking,Negative,Negative,Negative,Negative,Neutral,Neutral,Negative,Neutral,Negative,Negative,Neutral,Neutral,Neutral,Neutral,Neutral,Negative,Neutral,Neutral,Negative,Neutral,Negative
Trustpilot,1,my debit card details were compromised again their security is a joke,General,Negative,Negative,Negative,Positive,Negative,Negative,Neutral,Negative,Neutral,Positive,Negative,Negative,Neutral,Negative,Neutral,Positive,Negative,Negative,Neutral,Negative,Neutral
Trustpilot,1,they charged me for checks i never ordered and refused a refund,Customer Service,Negative,Negative,Negative,Negative,Neutral,Negative,Negative,Negative,Negative,Negative,Neutral,Negative,Negative,Negative,Negative,Negative,Neutral,Negative,Negative,Negative,Negative
Trustpilot,2,getting approved for a small personal loan took way too long,Loans,Negative,Negative,Negative,Negative,Neutral,Neutral,Neutral,Negative,Negative,Negative,Neutral,Neutral,Neutral,Negative,Neutral,Negative,Neutral,Neutral,Neutral,Negative,Negative
Trustpilot,1,i am deeply disappointed with how this bank handles fraud claims,Customer Service,Negative,Negative,Negative,Negative,Negative,Negative,Negative,Negative,Negative,Negative,Negative,Negative,Negative,Negative,Negative,Negative,Negative,Negative,Negative,Negative,Negative
Trustpilot,1,the mobile app is constantly freezing when i try to transfer money,Digital Banking,Negative,Negative,Negative,Negative,Negative,Negative,Negative,Negative,Negative,Negative,Negative,Negative,Negative,Negative,Negative,Negative,Negative,Negative,Negative,Negative,Negative
Trustpilot,2,there are never enough tellers working during the lunch rush hour,Customer Service,Negative,Negative,Negative,Negative,Negative,Negative,Negative,Negative,Negative,Negative,Negative,Negative,Negative,Negative,Negative,Negative,Negative,Negative,Negative,Negative,Negative
Trustpilot,1,this institution cares more about profit than helping their customers,General,Negative,Negative,Negative,Positive,Positive,Negative,Negative,Negative,Negative,Neutral,Positive,Negative,Negative,Negative,Negative,Positive,Positive,Negative,Negative,Negative,Negative
Trustpilot,1,my account balance is showing incorrect amounts and support is ignoring me,Digital Banking,Negative,Negative,Negative,Negative,Neutral,Negative,Negative,Negative,Negative,Negative,Neutral,Negative,Negative,Negative,Negative,Negative,Neutral,Negative,Negative,Negative,Negative
Trustpilot,2,the paperwork for my mortgage refinancing was full of typos and errors,Loans,Negative,Negative,Negative,Negative,Negative,Negative,Negative,Negative,Negative,Negative,Negative,Negative,Negative,Neutral,Negative,Negative,Negative,Negative,Negative,Negative,Negative
Trustpilot,1,i was treated like a criminal just for trying to withdraw a large sum of cash,Customer Service,Negative,Negative,Negative,Negative,Neutral,Negative,Negative,Negative,Negative,Negative,Neutral,Negative,Negative,Negative,Negative,Negative,Neutral,Negative,Negative,Negative,Negative
Trustpilot,1,they keep sending me promotional mail even after i asked them to stop,General,Negative,Negative,Negative,Positive,Neutral,Negative,Negative,Negative,Negative,Positive,Neutral,Negative,Negative,Negative,Negative,Positive,Neutral,Negative,Negative,Negative,Negative
Trustpilot,2,the interface for paying bills online is clunky and outdated,Digital Banking,Negative,Negative,Negative,Neutral,Negative,Negative,Negative,Neutral,Negative,Neutral,Negative,Negative,Negative,Neutral,Negative,Neutral,Negative,Negative,Negative,Neutral,Negative
Trustpilot,1,a completely incompetent staff that cannot handle simple requests,Customer Service,Negative,Negative,Negative,Negative,Negative,Negative,Negative,Negative,Negative,Negative,Negative,Negative,Negative,Negative,Negative,Negative,Negative,Negative,Negative,Negative,Negative
Trustpilot,1,they denied my loan modification despite me meeting all the criteria,Loans,Negative,Negative,Negative,Negative,Negative,Negative,Negative,Negative,Negative,Negative,Negative,Negative,Negative,Negative,Negative,Negative,Negative,Negative,Negative,Negative,Negative
Trustpilot,2,why does it take three business days for a simple internal transfer to clear,Digital Banking,Negative,Negative,Negative,Negative,Positive,Negative,Neutral,Negative,Negative,Negative,Positive,Negative,Neutral,Negative,Negative,Negative,Positive,Negative,Neutral,Negative,Negative
Trustpilot,1,i am so frustrated with the constant policy changes and new hidden fees,General,Negative,Negative,Negative,Positive,Negative,Neutral,Neutral,Negative,Positive,Neutral,Negative,Negative,Neutral,Negative,Negative,Positive,Negative,Neutral,Neutral,Negative,Positive
Trustpilot,1,the branch manager was completely unhelpful regarding my dispute,Customer Service,Negative,Negative,Negative,Positive,Negative,Negative,Negative,Negative,Negative,Positive,Negative,Negative,Negative,Negative,Negative,Positive,Negative,Negative,Negative,Negative,Negative
Trustpilot,2,i cannot view my pending transactions on the mobile app anymore,Digital Banking,Negative,Negative,Negative,Negative,Neutral,Negative,Negative,Neutral,Negative,Negative,Neutral,Negative,Negative,Neutral,Negative,Negative,Neutral,Negative,Negative,Neutral,Negative
Trustpilot,1,they froze my account without warning and left me unable to pay rent,General,Negative,Negative,Negative,Negative,Negative,Negative,Negative,Negative,Negative,Negative,Negative,Negative,Negative,Negative,Negative,Negative,Negative,Negative,Negative,Negative,Negative
Trustpilot,1,i have had nothing but problems since i opened this checking account,General,Negative,Negative,Negative,Negative,Negative,Negative,Negative,Negative,Negative,Negative,Negative,Negative,Negative,Negative,Negative,Negative,Negative,Negative,Negative,Negative,Negative
Trustpilot,2,the loan officer never returned any of my emails or voicemails,Loans,Negative,Negative,Negative,Negative,Neutral,Negative,Negative,Negative,Negative,Negative,Neutral,Negative,Negative,Negative,Negative,Negative,Neutral,Negative,Negative,Negative,Negative
Trustpilot,1,absolutely terrible banking experience avoid this place at all costs,General,Negative,Negative,Negative,Negative,Negative,Negative,Negative,Negative,Negative,Negative,Negative,Negative,Negative,Negative,Negative,Negative,Negative,Negative,Negative,Negative,Negative
Trustpilot,2,the drive up atm is always out of receipt paper,General,Negative,Negative,Negative,Positive,Neutral,Negative,Negative,Negative,Negative,Positive,Neutral,Negative,Negative,Negative,Negative,Positive,Neutral,Negative,Negative,Negative,Negative
Trustpilot,3,i just opened a checking account here today so we will see how it goes,General,Neutral,Neutral,Neutral,Positive,Neutral,Neutral,Neutral,Negative,Neutral,Positive,Neutral,Neutral,Neutral,Negative,Neutral,Positive,Neutral,Neutral,Neutral,Negative,Neutral
Trustpilot,3,the mobile app does exactly what it needs to do nothing special,Digital Banking,Neutral,Neutral,Neutral,Positive,Neutral,Neutral,Neutral,Negative,Neutral,Positive,Neutral,Neutral,Neutral,Negative,Neutral,Positive,Neutral,Neutral,Neutral,Negative,Neutral
Trustpilot,4,the wait time was average for a busy friday afternoon,Customer Service,Neutral,Neutral,Neutral,Positive,Neutral,Neutral,Neutral,Neutral,Neutral,Positive,Neutral,Neutral,Neutral,Neutral,Neutral,Positive,Neutral,Neutral,Neutral,Neutral,Neutral
Trustpilot,3,i use this bank primarily for my basic savings account,General,Neutral,Neutral,Neutral,Neutral,Positive,Neutral,Neutral,Neutral,Neutral,Neutral,Neutral,Neutral,Neutral,Negative,Neutral,Neutral,Positive,Neutral,Neutral,Neutral,Neutral
Trustpilot,3,i stopped by the branch to ask a few questions about their services,Customer Service,Neutral,Neutral,Neutral,Negative,Neutral,Neutral,Neutral,Negative,Neutral,Negative,Neutral,Neutral,Neutral,Negative,Neutral,Negative,Neutral,Neutral,Neutral,Negative,Neutral
Trustpilot,4,the online banking portal is functional but looks a bit old,Digital Banking,Neutral,Neutral,Neutral,Positive,Neutral,Neutral,Neutral,Neutral,Neutral,Positive,Neutral,Neutral,Neutral,Neutral,Neutral,Positive,Neutral,Neutral,Neutral,Neutral,Neutral
Trustpilot,3,i deposited my paycheck through the atm outside the branch,Digital Banking,Neutral,Neutral,Neutral,Neutral,Neutral,Neutral,Neutral,Neutral,Neutral,Neutral,Neutral,Neutral,Neutral,Neutral,Neutral,Neutral,Neutral,Neutral,Neutral,Neutral,Neutral
Trustpilot,3,they hold my money securely which is all i really care about,General,Neutral,Neutral,Neutral,Positive,Positive,Neutral,Neutral,Negative,Neutral,Positive,Positive,Neutral,Neutral,Negative,Neutral,Positive,Positive,Neutral,Neutral,Negative,Neutral
Trustpilot,4,the staff is fine and handles transactions normally,Customer Service,Neutral,Neutral,Neutral,Positive,Positive,Neutral,Neutral,Neutral,Neutral,Positive,Positive,Neutral,Neutral,Neutral,Neutral,Positive,Positive,Neutral,Neutral,Neutral,Neutral
Trustpilot,3,i recently switched from another bank and am still getting used to this one,General,Neutral,Neutral,Neutral,Positive,Neutral,Neutral,Negative,Negative,Positive,Positive,Neutral,Neutral,Neutral,Negative,Negative,Positive,Neutral,Neutral,Negative,Negative,Positive
Trustpilot,3,the current interest rate offered is around three percent,General,Neutral,Neutral,Neutral,Positive,Neutral,Neutral,Neutral,Neutral,Neutral,Positive,Neutral,Neutral,Neutral,Neutral,Neutral,Positive,Neutral,Neutral,Neutral,Neutral,Neutral
Trustpilot,3,i called customer service to check my balance and the call was standard,Customer Service,Neutral,Neutral,Neutral,Positive,Neutral,Neutral,Neutral,Negative,Neutral,Positive,Neutral,Neutral,Negative,Negative,Negative,Positive,Neutral,Neutral,Neutral,Negative,Neutral
Trustpilot,4,the mortgage rates here are competitive with the market average,Loans,Neutral,Neutral,Neutral,Positive,Positive,Neutral,Neutral,Neutral,Neutral,Positive,Positive,Neutral,Neutral,Neutral,Neutral,Positive,Positive,Neutral,Neutral,Neutral,Neutral
Trustpilot,3,its a standard bank nothing amazing but nothing terrible either,General,Neutral,Neutral,Neutral,Negative,Neutral,Neutral,Neutral,Negative,Neutral,Negative,Neutral,Neutral,Neutral,Negative,Neutral,Negative,Neutral,Neutral,Neutral,Negative,Neutral
Trustpilot,3,i ordered some new checks online and they arrived in the mail today,Digital Banking,Neutral,Neutral,Neutral,Positive,Neutral,Neutral,Neutral,Neutral,Neutral,Positive,Neutral,Neutral,Neutral,Neutral,Neutral,Positive,Neutral,Neutral,Neutral,Neutral,Neutral
Trustpilot,4,the teller processed my deposit without any issues,Customer Service,Neutral,Neutral,Neutral,Positive,Negative,Neutral,Neutral,Neutral,Neutral,Positive,Negative,Neutral,Neutral,Neutral,Neutral,Positive,Negative,Neutral,Neutral,Neutral,Neutral
Trustpilot,3,i logged into my account to verify a pending transaction,Digital Banking,Neutral,Neutral,Neutral,Positive,Neutral,Neutral,Neutral,Negative,Neutral,Positive,Neutral,Neutral,Neutral,Negative,Neutral,Positive,Neutral,Neutral,Neutral,Negative,Neutral
Trustpilot,3,my experience so far has been completely average,General,Neutral,Neutral,Neutral,Positive,Neutral,Positive,Negative,Negative,Negative,Positive,Neutral,Positive,Negative,Positive,Negative,Positive,Neutral,Positive,Negative,Negative,Negative
Trustpilot,3,i am considering applying for a loan here next month,Loans,Neutral,Neutral,Neutral,Positive,Neutral,Neutral,Neutral,Neutral,Neutral,Positive,Neutral,Neutral,Neutral,Neutral,Neutral,Positive,Neutral,Neutral,Neutral,Neutral,Neutral
Trustpilot,4,the mobile check deposit works most of the time without errors,Digital Banking,Neutral,Neutral,Neutral,Negative,Neutral,Neutral,Neutral,Neutral,Neutral,Negative,Neutral,Neutral,Neutral,Neutral,Neutral,Negative,Neutral,Neutral,Neutral,Neutral,Neutral
Trustpilot,3,i visited the downtown branch during my lunch break,General,Neutral,Neutral,Neutral,Neutral,Negative,Neutral,Neutral,Neutral,Neutral,Neutral,Negative,Neutral,Neutral,Neutral,Neutral,Neutral,Negative,Neutral,Neutral,Neutral,Neutral
Trustpilot,3,they sent me an email updating their privacy policy,General,Neutral,Neutral,Neutral,Positive,Neutral,Neutral,Neutral,Neutral,Neutral,Positive,Neutral,Neutral,Neutral,Neutral,Neutral,Positive,Neutral,Neutral,Neutral,Neutral,Neutral
Trustpilot,3,i asked the teller about account options and she handed me a brochure,Customer Service,Neutral,Neutral,Neutral,Negative,Neutral,Neutral,Neutral,Negative,Neutral,Negative,Neutral,Neutral,Neutral,Negative,Neutral,Negative,Neutral,Neutral,Neutral,Negative,Neutral
Trustpilot,4,the website loads fine on my desktop computer,Digital Banking,Neutral,Neutral,Neutral,Negative,Positive,Neutral,Neutral,Neutral,Neutral,Negative,Positive,Neutral,Neutral,Neutral,Neutral,Negative,Positive,Neutral,Neutral,Neutral,Neutral
Trustpilot,3,i set up direct deposit for my new job through their portal,Digital Banking,Neutral,Neutral,Neutral,Positive,Neutral,Neutral,Neutral,Negative,Neutral,Positive,Neutral,Neutral,Neutral,Negative,Neutral,Positive,Neutral,Neutral,Neutral,Negative,Neutral
Trustpilot,3,i have been a customer for a year and things are okay,General,Neutral,Neutral,Neutral,Positive,Neutral,Positive,Neutral,Negative,Neutral,Positive,Neutral,Positive,Neutral,Negative,Neutral,Positive,Neutral,Positive,Neutral,Negative,Neutral
Trustpilot,3,the line was somewhat long but moved at a steady pace,Customer Service,Neutral,Neutral,Neutral,Negative,Positive,Neutral,Neutral,Neutral,Neutral,Negative,Positive,Neutral,Neutral,Neutral,Neutral,Negative,Positive,Neutral,Neutral,Neutral,Neutral
Trustpilot,3,i reviewed their mortgage refinancing terms online,Loans,Neutral,Neutral,Neutral,Neutral,Neutral,Neutral,Neutral,Neutral,Neutral,Neutral,Neutral,Neutral,Neutral,Neutral,Neutral,Neutral,Neutral,Neutral,Neutral,Neutral,Neutral
Trustpilot,4,the atm interface is straightforward and easy to read,Digital Banking,Neutral,Neutral,Neutral,Positive,Positive,Neutral,Neutral,Neutral,Neutral,Positive,Positive,Neutral,Neutral,Neutral,Neutral,Positive,Positive,Neutral,Neutral,Neutral,Neutral
Trustpilot,3,just a typical banking experience no complaints or praises,General,Neutral,Neutral,Neutral,Positive,Positive,Negative,Negative,Negative,Neutral,Positive,Positive,Negative,Negative,Negative,Negative,Positive,Positive,Negative,Negative,Negative,Neutral
Trustpilot,3,i withdrew some cash for the weekend from the drive thru,Customer Service,Neutral,Neutral,Neutral,Negative,Neutral,Neutral,Neutral,Neutral,Neutral,Negative,Neutral,Neutral,Neutral,Negative,Neutral,Negative,Neutral,Neutral,Neutral,Neutral,Neutral
Trustpilot,3,i receive my paper statements in the mail every month on time,General,Neutral,Neutral,Neutral,Neutral,Neutral,Neutral,Neutral,Neutral,Neutral,Neutral,Neutral,Neutral,Neutral,Neutral,Neutral,Neutral,Neutral,Neutral,Neutral,Neutral,Neutral
Trustpilot,4,the app update changed the layout but the features are the same,Digital Banking,Neutral,Neutral,Neutral,Positive,Neutral,Neutral,Neutral,Neutral,Neutral,Positive,Neutral,Neutral,Neutral,Neutral,Neutral,Positive,Neutral,Neutral,Neutral,Neutral,Neutral
Trustpilot,3,i spoke to a loan officer to get some general information,Loans,Neutral,Neutral,Neutral,Negative,Neutral,Neutral,Neutral,Negative,Neutral,Negative,Neutral,Neutral,Neutral,Negative,Neutral,Negative,Neutral,Neutral,Neutral,Negative,Neutral
Trustpilot,3,the branch was moderately busy when i went in yesterday,General,Neutral,Neutral,Neutral,Positive,Neutral,Neutral,Neutral,Neutral,Neutral,Positive,Neutral,Neutral,Neutral,Neutral,Neutral,Positive,Neutral,Neutral,Neutral,Neutral,Neutral
Trustpilot,3,i noticed a new feature on the website but haven't used it yet,Digital Banking,Neutral,Neutral,Neutral,Positive,Neutral,Neutral,Neutral,Negative,Neutral,Positive,Neutral,Neutral,Neutral,Neutral,Neutral,Positive,Neutral,Neutral,Neutral,Negative,Neutral
Trustpilot,4,the customer service rep answered my question efficiently,Customer Service,Neutral,Neutral,Neutral,Negative,Positive,Neutral,Neutral,Neutral,Neutral,Negative,Positive,Neutral,Neutral,Neutral,Neutral,Negative,Positive,Neutral,Neutral,Neutral,Neutral
Trustpilot,3,my debit card expires soon so i expect a new one in the mail,General,Neutral,Neutral,Neutral,Positive,Neutral,Negative,Neutral,Negative,Neutral,Positive,Neutral,Neutral,Neutral,Negative,Neutral,Positive,Neutral,Negative,Neutral,Negative,Neutral
Trustpilot,3,the bank is located conveniently near my workplace,General,Neutral,Neutral,Neutral,Positive,Positive,Neutral,Neutral,Neutral,Neutral,Positive,Positive,Neutral,Neutral,Neutral,Neutral,Positive,Positive,Neutral,Neutral,Neutral,Neutral
Trustpilot,3,i used face id to log in and check my available balance,Digital Banking,Neutral,Neutral,Neutral,Positive,Positive,Neutral,Neutral,Negative,Neutral,Positive,Positive,Neutral,Neutral,Negative,Neutral,Positive,Positive,Neutral,Neutral,Negative,Neutral
Trustpilot,4,the refinancing process requires standard documentation,Loans,Neutral,Neutral,Neutral,Neutral,Neutral,Neutral,Neutral,Neutral,Neutral,Neutral,Neutral,Neutral,Neutral,Neutral,Neutral,Neutral,Neutral,Neutral,Neutral,Neutral,Neutral
Trustpilot,3,i stood in line and deposited some birthday cash,Customer Service,Neutral,Neutral,Neutral,Neutral,Neutral,Neutral,Neutral,Neutral,Neutral,Neutral,Neutral,Neutral,Neutral,Neutral,Neutral,Neutral,Neutral,Neutral,Neutral,Neutral,Neutral
Trustpilot,3,the account terms and conditions are pretty standard for the industry,General,Neutral,Neutral,Neutral,Neutral,Positive,Neutral,Neutral,Neutral,Neutral,Positive,Positive,Neutral,Neutral,Neutral,Neutral,Neutral,Positive,Neutral,Neutral,Neutral,Neutral
Trustpilot,3,i transferred funds from savings to checking using the app,Digital Banking,Neutral,Neutral,Neutral,Positive,Positive,Neutral,Neutral,Neutral,Neutral,Positive,Neutral,Neutral,Neutral,Neutral,Neutral,Positive,Positive,Neutral,Neutral,Neutral,Neutral
Trustpilot,4,the teller was polite but strictly business,Customer Service,Neutral,Neutral,Neutral,Positive,Neutral,Neutral,Neutral,Neutral,Neutral,Neutral,Neutral,Neutral,Neutral,Neutral,Neutral,Positive,Neutral,Neutral,Neutral,Neutral,Neutral
Trustpilot,3,i am comparing their loan rates to other local credit unions,Loans,Neutral,Neutral,Neutral,Negative,Neutral,Neutral,Neutral,Neutral,Neutral,Negative,Neutral,Neutral,Neutral,Neutral,Neutral,Negative,Neutral,Neutral,Neutral,Neutral,Neutral
Trustpilot,3,i scheduled an appointment to meet with a banker tomorrow,General,Neutral,Neutral,Neutral,Neutral,Neutral,Neutral,Neutral,Neutral,Neutral,Neutral,Neutral,Neutral,Neutral,Neutral,Neutral,Neutral,Neutral,Neutral,Neutral,Neutral,Neutral
Trustpilot,3,the online chat feature connected me to an agent in a few minutes,Digital Banking,Neutral,Neutral,Neutral,Positive,Neutral,Neutral,Negative,Neutral,Negative,Positive,Neutral,Neutral,Negative,Negative,Negative,Positive,Neutral,Neutral,Negative,Neutral,Negative
Trustpilot,3,i updated my mailing address through the customer portal,Digital Banking,Neutral,Neutral,Neutral,Neutral,Neutral,Neutral,Neutral,Neutral,Neutral,Neutral,Neutral,Neutral,Neutral,Neutral,Neutral,Neutral,Neutral,Neutral,Neutral,Neutral,Neutral
Trustpilot,4,i had a normal interaction with the branch manager regarding my account,Customer Service,Neutral,Neutral,Neutral,Negative,Neutral,Neutral,Neutral,Negative,Neutral,Negative,Neutral,Neutral,Neutral,Negative,Neutral,Negative,Neutral,Neutral,Neutral,Negative,Neutral
Trustpilot,3,their business hours are standard nine to five on weekdays,General,Neutral,Neutral,Neutral,Positive,Neutral,Neutral,Neutral,Neutral,Neutral,Positive,Neutral,Neutral,Neutral,Neutral,Neutral,Positive,Neutral,Neutral,Neutral,Neutral,Neutral
Trustpilot,3,i received an alert about my low balance via text message,Digital Banking,Neutral,Neutral,Neutral,Negative,Neutral,Neutral,Neutral,Neutral,Neutral,Negative,Neutral,Neutral,Neutral,Neutral,Neutral,Negative,Neutral,Neutral,Neutral,Neutral,Neutral
Trustpilot,3,the loan application asked for standard employment history,Loans,Neutral,Neutral,Neutral,Neutral,Neutral,Neutral,Neutral,Neutral,Neutral,Neutral,Neutral,Neutral,Neutral,Neutral,Neutral,Neutral,Neutral,Neutral,Neutral,Neutral,Neutral
Trustpilot,4,i visited the atm to check my balance before shopping,General,Neutral,Neutral,Neutral,Positive,Neutral,Neutral,Neutral,Neutral,Neutral,Positive,Neutral,Neutral,Neutral,Neutral,Neutral,Positive,Neutral,Neutral,Neutral,Neutral,Neutral
Trustpilot,3,the staff wears professional attire and the lobby is clean,Customer Service,Neutral,Neutral,Neutral,Negative,Positive,Neutral,Neutral,Neutral,Neutral,Positive,Positive,Neutral,Neutral,Positive,Neutral,Negative,Positive,Neutral,Neutral,Neutral,Neutral
Trustpilot,3,i downloaded the new version of the app yesterday,Digital Banking,Neutral,Neutral,Neutral,Positive,Neutral,Neutral,Neutral,Neutral,Neutral,Positive,Neutral,Neutral,Neutral,Neutral,Neutral,Positive,Neutral,Neutral,Neutral,Neutral,Neutral
Trustpilot,3,i am neither thrilled nor disappointed with the service here,General,Neutral,Neutral,Neutral,Negative,Neutral,Neutral,Neutral,Positive,Neutral,Negative,Neutral,Neutral,Neutral,Positive,Neutral,Negative,Neutral,Neutral,Neutral,Positive,Neutral
Trustpilot,4,i spoke with an agent about overdraft protection options,Customer Service,Neutral,Neutral,Neutral,Negative,Positive,Neutral,Neutral,Neutral,Neutral,Negative,Positive,Neutral,Neutral,Neutral,Neutral,Negative,Positive,Neutral,Neutral,Neutral,Neutral
Trustpilot,3,the current promotion offers a standard sign up bonus,General,Neutral,Neutral,Neutral,Positive,Positive,Neutral,Neutral,Neutral,Neutral,Positive,Positive,Neutral,Neutral,Neutral,Neutral,Positive,Positive,Neutral,Neutral,Neutral,Neutral
Trustpilot,3,i used the drive up window to make a quick deposit,Customer Service,Neutral,Neutral,Neutral,Neutral,Neutral,Neutral,Neutral,Negative,Neutral,Neutral,Neutral,Neutral,Neutral,Negative,Neutral,Neutral,Neutral,Neutral,Neutral,Negative,Neutral
Trustpilot,3,the mortgage calculator on their website gave me an estimate,Loans,Neutral,Neutral,Neutral,Negative,Neutral,Neutral,Negative,Neutral,Positive,Negative,Neutral,Neutral,Negative,Neutral,Neutral,Negative,Neutral,Neutral,Negative,Neutral,Positive
Trustpilot,4,the app shows my pending transactions properly,Digital Banking,Neutral,Neutral,Neutral,Positive,Positive,Neutral,Neutral,Neutral,Neutral,Positive,Positive,Neutral,Neutral,Neutral,Neutral,Positive,Positive,Neutral,Neutral,Neutral,Neutral
Trustpilot,3,i walked in grabbed a deposit slip and waited for the next available teller,Customer Service,Neutral,Neutral,Neutral,Positive,Positive,Neutral,Neutral,Negative,Neutral,Positive,Positive,Neutral,Neutral,Negative,Positive,Positive,Positive,Neutral,Neutral,Negative,Neutral
Trustpilot,3,this is just my secondary bank account for emergencies,General,Neutral,Neutral,Neutral,Negative,Neutral,Negative,Neutral,Negative,Neutral,Negative,Negative,Negative,Neutral,Neutral,Neutral,Negative,Neutral,Negative,Neutral,Negative,Neutral
Trustpilot,3,the interface allows me to pay my utility bills online,Digital Banking,Neutral,Neutral,Neutral,Neutral,Neutral,Negative,Negative,Neutral,Neutral,Neutral,Neutral,Negative,Negative,Neutral,Negative,Neutral,Neutral,Negative,Negative,Neutral,Neutral
Trustpilot,3,the loan officer provided a list of required documents,Loans,Neutral,Neutral,Neutral,Positive,Neutral,Negative,Negative,Neutral,Neutral,Positive,Neutral,Negative,Neutral,Neutral,Positive,Positive,Neutral,Negative,Negative,Neutral,Neutral
Trustpilot,4,the wait time on the phone was about five minutes,Customer Service,Neutral,Neutral,Neutral,Positive,Neutral,Neutral,Neutral,Neutral,Neutral,Neutral,Neutral,Neutral,Neutral,Neutral,Neutral,Positive,Neutral,Neutral,Neutral,Neutral,Neutral
Trustpilot,3,i am looking into opening a joint account with my spouse,General,Neutral,Neutral,Neutral,Positive,Neutral,Neutral,Neutral,Negative,Neutral,Positive,Neutral,Neutral,Neutral,Negative,Neutral,Positive,Neutral,Neutral,Neutral,Negative,Neutral
Trustpilot,3,i receive monthly email newsletters about bank updates,General,Neutral,Neutral,Neutral,Negative,Neutral,Neutral,Neutral,Neutral,Neutral,Negative,Neutral,Neutral,Neutral,Neutral,Neutral,Negative,Neutral,Neutral,Neutral,Neutral,Neutral
Trustpilot,4,the teller scanned my id and processed the withdrawal,Customer Service,Neutral,Neutral,Neutral,Positive,Neutral,Neutral,Neutral,Neutral,Neutral,Positive,Neutral,Neutral,Neutral,Neutral,Neutral,Positive,Neutral,Neutral,Neutral,Neutral,Neutral
Trustpilot,3,the app requires two factor authentication to log in,Digital Banking,Neutral,Neutral,Neutral,Neutral,Neutral,Neutral,Neutral,Neutral,Negative,Neutral,Neutral,Neutral,Neutral,Neutral,Negative,Neutral,Neutral,Neutral,Neutral,Neutral,Negative
Trustpilot,3,i have a standard checking account with no special perks,General,Neutral,Neutral,Neutral,Positive,Neutral,Neutral,Neutral,Neutral,Neutral,Positive,Neutral,Neutral,Neutral,Negative,Neutral,Positive,Neutral,Neutral,Neutral,Neutral,Neutral
Trustpilot,3,the interest rates on loans are subject to credit approval,Loans,Neutral,Neutral,Neutral,Positive,Positive,Neutral,Neutral,Neutral,Neutral,Positive,Positive,Neutral,Neutral,Neutral,Neutral,Positive,Positive,Neutral,Neutral,Neutral,Neutral
Trustpilot,4,i used the secure messaging center to ask a question,Digital Banking,Neutral,Neutral,Neutral,Negative,Positive,Neutral,Neutral,Negative,Neutral,Negative,Positive,Neutral,Neutral,Negative,Neutral,Negative,Positive,Neutral,Neutral,Negative,Neutral
Trustpilot,3,i visited the branch to drop off some paperwork,Customer Service,Neutral,Neutral,Neutral,Neutral,Neutral,Neutral,Neutral,Negative,Neutral,Neutral,Neutral,Neutral,Neutral,Negative,Neutral,Neutral,Neutral,Neutral,Neutral,Negative,Neutral
Trustpilot,3,i linked my debit card to my digital wallet,Digital Banking,Neutral,Neutral,Neutral,Negative,Neutral,Neutral,Neutral,Neutral,Neutral,Negative,Neutral,Neutral,Neutral,Neutral,Neutral,Negative,Neutral,Neutral,Neutral,Neutral,Neutral
Trustpilot,3,the bank has branches in my state and neighboring ones,General,Neutral,Neutral,Neutral,Positive,Neutral,Neutral,Neutral,Neutral,Neutral,Neutral,Neutral,Positive,Neutral,Neutral,Neutral,Positive,Neutral,Neutral,Neutral,Neutral,Neutral
Trustpilot,4,the customer service department is open until six pm,Customer Service,Neutral,Neutral,Neutral,Negative,Neutral,Neutral,Neutral,Neutral,Neutral,Negative,Neutral,Neutral,Neutral,Neutral,Neutral,Negative,Neutral,Neutral,Neutral,Neutral,Neutral
Trustpilot,3,i am reading the terms for a home equity line of credit,Loans,Neutral,Neutral,Neutral,Positive,Neutral,Neutral,Neutral,Neutral,Neutral,Positive,Neutral,Neutral,Neutral,Neutral,Neutral,Positive,Neutral,Neutral,Neutral,Neutral,Neutral
Trustpilot,3,i deposited a check and received a receipt,General,Neutral,Neutral,Neutral,Neutral,Neutral,Neutral,Neutral,Neutral,Neutral,Neutral,Neutral,Neutral,Neutral,Neutral,Neutral,Neutral,Neutral,Neutral,Neutral,Neutral,Neutral
Trustpilot,3,the mobile app is functioning normally today,Digital Banking,Neutral,Neutral,Neutral,Positive,Neutral,Neutral,Neutral,Neutral,Neutral,Positive,Neutral,Neutral,Neutral,Neutral,Neutral,Positive,Neutral,Neutral,Neutral,Neutral,Neutral
